-- MySQL dump 10.13  Distrib 8.0.18, for Linux (x86_64)
--
-- Host: localhost    Database: matcha
-- ------------------------------------------------------
-- Server version	8.0.18

/*!40101 SET @OLD_CHARACTER_SET_CLIENT=@@CHARACTER_SET_CLIENT */;
/*!40101 SET @OLD_CHARACTER_SET_RESULTS=@@CHARACTER_SET_RESULTS */;
/*!40101 SET @OLD_COLLATION_CONNECTION=@@COLLATION_CONNECTION */;
/*!50503 SET NAMES utf8mb4 */;
/*!40103 SET @OLD_TIME_ZONE=@@TIME_ZONE */;
/*!40103 SET TIME_ZONE='+00:00' */;
/*!40014 SET @OLD_UNIQUE_CHECKS=@@UNIQUE_CHECKS, UNIQUE_CHECKS=0 */;
/*!40014 SET @OLD_FOREIGN_KEY_CHECKS=@@FOREIGN_KEY_CHECKS, FOREIGN_KEY_CHECKS=0 */;
/*!40101 SET @OLD_SQL_MODE=@@SQL_MODE, SQL_MODE='NO_AUTO_VALUE_ON_ZERO' */;
/*!40111 SET @OLD_SQL_NOTES=@@SQL_NOTES, SQL_NOTES=0 */;

--
-- Table structure for table `interest`
--

DROP TABLE IF EXISTS `interest`;
/*!40101 SET @saved_cs_client     = @@character_set_client */;
/*!50503 SET character_set_client = utf8mb4 */;
CREATE TABLE `interest` (
  `id` int(11) NOT NULL AUTO_INCREMENT,
  `user_id` int(11) DEFAULT NULL,
  `topic` varchar(30) DEFAULT NULL,
  PRIMARY KEY (`id`),
  UNIQUE KEY `id` (`id`),
  KEY `user_id` (`user_id`),
  CONSTRAINT `interest_ibfk_1` FOREIGN KEY (`user_id`) REFERENCES `users` (`id`) ON DELETE CASCADE ON UPDATE CASCADE
) ENGINE=InnoDB AUTO_INCREMENT=159 DEFAULT CHARSET=utf8mb4 COLLATE=utf8mb4_0900_ai_ci;
/*!40101 SET character_set_client = @saved_cs_client */;

--
-- Dumping data for table `interest`
--

LOCK TABLES `interest` WRITE;
/*!40000 ALTER TABLE `interest` DISABLE KEYS */;
INSERT INTO `interest` VALUES (1,1,'science'),(2,2,'series'),(3,3,'e-games'),(4,4,'anime'),(5,5,'tech'),(6,6,'makeUp'),(7,7,'science'),(8,8,'food'),(9,9,'series'),(10,10,'e-games'),(11,11,'movies'),(12,12,'art'),(13,13,'e-games'),(14,14,'tech'),(15,15,'makeUp'),(16,16,'food'),(17,17,'series'),(18,18,'science'),(19,19,'food'),(20,20,'cinema'),(21,21,'music'),(22,22,'self improvement'),(23,23,'science'),(24,24,'science'),(25,25,'food'),(26,26,'science'),(27,27,'movies'),(28,28,'food'),(29,29,'food'),(30,30,'cinema'),(31,31,'e-games'),(32,32,'anime'),(33,33,'makeUp'),(34,34,'self improvement'),(35,35,'football'),(36,36,'cinema'),(37,37,'art'),(38,38,'science'),(39,39,'football'),(40,40,'anime'),(41,41,'art'),(42,42,'tech'),(43,43,'e-games'),(44,44,'swimming'),(45,45,'art'),(46,46,'movies'),(47,47,'series'),(48,48,'football'),(49,49,'tech'),(50,50,'science'),(51,1,'food'),(52,2,'reading'),(53,3,'art'),(54,4,'food'),(55,5,'science'),(56,6,'series'),(57,7,'series'),(58,8,'football'),(59,9,'reading'),(60,10,'e-games'),(61,11,'swimming'),(62,12,'swimming'),(63,13,'anime'),(64,14,'anime'),(65,15,'series'),(66,16,'anime'),(67,17,'anime'),(68,18,'makeUp'),(69,19,'food'),(70,20,'e-games'),(71,21,'music'),(72,22,'movies'),(73,23,'movies'),(74,24,'art'),(75,25,'e-games'),(76,26,'makeUp'),(77,27,'reading'),(78,28,'art'),(79,29,'reading'),(80,30,'tech'),(81,31,'swimming'),(82,32,'swimming'),(83,33,'cinema'),(84,34,'food'),(85,35,'football'),(86,36,'makeUp'),(87,37,'series'),(88,38,'e-games'),(89,39,'anime'),(90,40,'movies'),(91,41,'cinema'),(92,42,'reading'),(93,43,'science'),(94,44,'art'),(95,45,'self improvement'),(96,46,'cinema'),(97,47,'football'),(98,48,'e-games'),(99,49,'e-games'),(100,50,'reading'),(101,1,'art'),(102,2,'makeUp'),(103,3,'tech'),(104,4,'reading'),(105,5,'art'),(106,6,'tech'),(107,7,'music'),(108,8,'self improvement'),(109,9,'science'),(110,10,'series'),(111,11,'movies'),(112,12,'series'),(113,13,'tech'),(114,14,'food'),(115,15,'science'),(116,16,'self improvement'),(117,17,'swimming'),(118,18,'movies'),(119,19,'swimming'),(120,20,'e-games'),(121,21,'swimming'),(122,22,'movies'),(123,23,'science'),(124,24,'food'),(125,25,'swimming'),(126,26,'science'),(127,27,'e-games'),(128,28,'reading'),(129,29,'art'),(130,30,'movies'),(131,31,'swimming'),(132,32,'self improvement'),(133,33,'movies'),(134,34,'e-games'),(135,35,'football'),(136,36,'football'),(137,37,'anime'),(138,38,'swimming'),(139,39,'music'),(140,40,'movies'),(141,41,'swimming'),(142,42,'tech'),(143,43,'series'),(144,44,'food'),(145,45,'football'),(146,46,'e-games'),(147,47,'self improvement'),(148,48,'e-games'),(149,49,'swimming'),(150,50,'science'),(155,51,'tech'),(156,51,'series'),(157,51,'science'),(158,51,'art');
/*!40000 ALTER TABLE `interest` ENABLE KEYS */;
UNLOCK TABLES;

--
-- Table structure for table `profilePictures`
--

DROP TABLE IF EXISTS `profilePictures`;
/*!40101 SET @saved_cs_client     = @@character_set_client */;
/*!50503 SET character_set_client = utf8mb4 */;
CREATE TABLE `profilePictures` (
  `id` int(11) NOT NULL AUTO_INCREMENT,
  `user_id` int(11) DEFAULT NULL,
  `imgPath` varchar(250) DEFAULT NULL,
  `imgIndex` varchar(22) DEFAULT NULL,
  PRIMARY KEY (`id`),
  UNIQUE KEY `id` (`id`),
  KEY `user_id` (`user_id`),
  CONSTRAINT `profilePictures_ibfk_1` FOREIGN KEY (`user_id`) REFERENCES `users` (`id`) ON DELETE CASCADE ON UPDATE CASCADE
) ENGINE=InnoDB AUTO_INCREMENT=57 DEFAULT CHARSET=utf8mb4 COLLATE=utf8mb4_0900_ai_ci;
/*!40101 SET character_set_client = @saved_cs_client */;

--
-- Dumping data for table `profilePictures`
--

LOCK TABLES `profilePictures` WRITE;
/*!40000 ALTER TABLE `profilePictures` DISABLE KEYS */;
INSERT INTO `profilePictures` VALUES (1,1,'http://dummyimage.com/229x164.jpg/ff4444/ffffff','profile'),(2,2,'http://dummyimage.com/214x238.jpg/cc0000/ffffff','profile'),(3,3,'http://dummyimage.com/135x216.jpg/dddddd/000000','profile'),(4,4,'http://dummyimage.com/216x134.jpg/dddddd/000000','profile'),(5,5,'http://dummyimage.com/178x120.jpg/ff4444/ffffff','profile'),(6,6,'http://dummyimage.com/236x145.jpg/dddddd/000000','profile'),(7,7,'http://dummyimage.com/174x151.jpg/5fa2dd/ffffff','profile'),(8,8,'http://dummyimage.com/220x103.jpg/dddddd/000000','profile'),(9,9,'http://dummyimage.com/166x197.jpg/dddddd/000000','profile'),(10,10,'http://dummyimage.com/211x247.jpg/dddddd/000000','profile'),(11,11,'http://dummyimage.com/135x203.jpg/ff4444/ffffff','profile'),(12,12,'http://dummyimage.com/197x123.jpg/5fa2dd/ffffff','profile'),(13,13,'http://dummyimage.com/131x141.jpg/5fa2dd/ffffff','profile'),(14,14,'http://dummyimage.com/132x100.jpg/5fa2dd/ffffff','profile'),(15,15,'http://dummyimage.com/164x226.jpg/cc0000/ffffff','profile'),(16,16,'http://dummyimage.com/123x210.jpg/ff4444/ffffff','profile'),(17,17,'http://dummyimage.com/121x166.jpg/dddddd/000000','profile'),(18,18,'http://dummyimage.com/217x230.jpg/dddddd/000000','profile'),(19,19,'http://dummyimage.com/163x137.jpg/5fa2dd/ffffff','profile'),(20,20,'http://dummyimage.com/250x194.jpg/5fa2dd/ffffff','profile'),(21,21,'http://dummyimage.com/111x186.jpg/dddddd/000000','profile'),(22,22,'http://dummyimage.com/171x136.jpg/dddddd/000000','profile'),(23,23,'http://dummyimage.com/152x152.jpg/dddddd/000000','profile'),(24,24,'http://dummyimage.com/131x163.jpg/cc0000/ffffff','profile'),(25,25,'http://dummyimage.com/240x163.jpg/cc0000/ffffff','profile'),(26,26,'http://dummyimage.com/191x212.jpg/cc0000/ffffff','profile'),(27,27,'http://dummyimage.com/132x215.jpg/5fa2dd/ffffff','profile'),(28,28,'http://dummyimage.com/143x135.jpg/cc0000/ffffff','profile'),(29,29,'http://dummyimage.com/235x106.jpg/dddddd/000000','profile'),(30,30,'http://dummyimage.com/101x181.jpg/5fa2dd/ffffff','profile'),(31,31,'http://dummyimage.com/173x135.jpg/cc0000/ffffff','profile'),(32,32,'http://dummyimage.com/169x145.jpg/dddddd/000000','profile'),(33,33,'http://dummyimage.com/243x111.jpg/5fa2dd/ffffff','profile'),(34,34,'http://dummyimage.com/166x248.jpg/ff4444/ffffff','profile'),(35,35,'http://dummyimage.com/183x237.jpg/ff4444/ffffff','profile'),(36,36,'http://dummyimage.com/209x126.jpg/ff4444/ffffff','profile'),(37,37,'http://dummyimage.com/195x146.jpg/ff4444/ffffff','profile'),(38,38,'http://dummyimage.com/201x204.jpg/dddddd/000000','profile'),(39,39,'http://dummyimage.com/234x195.jpg/cc0000/ffffff','profile'),(40,40,'http://dummyimage.com/159x125.jpg/dddddd/000000','profile'),(41,41,'http://dummyimage.com/113x117.jpg/ff4444/ffffff','profile'),(42,42,'http://dummyimage.com/117x195.jpg/ff4444/ffffff','profile'),(43,43,'http://dummyimage.com/220x176.jpg/5fa2dd/ffffff','profile'),(44,44,'http://dummyimage.com/195x191.jpg/dddddd/000000','profile'),(45,45,'http://dummyimage.com/123x229.jpg/5fa2dd/ffffff','profile'),(46,46,'http://dummyimage.com/107x205.jpg/ff4444/ffffff','profile'),(47,47,'http://dummyimage.com/236x229.jpg/ff4444/ffffff','profile'),(48,48,'http://dummyimage.com/118x173.jpg/ff4444/ffffff','profile'),(49,49,'http://dummyimage.com/138x111.jpg/cc0000/ffffff','profile'),(50,50,'http://dummyimage.com/166x148.jpg/dddddd/000000','profile'),(51,51,'images/2019-11-01T08:00:54.440Z-elon-musk-joe-rogan-blunt-1536341297-640x428.jpg','profile'),(52,51,'images/2019-11-01T08:01:31.445Z-wallpaperflare.com_wallpaper.jpg','profile'),(53,51,'images/2019-11-01T08:01:36.229Z-7046.jpg','img1'),(54,51,'images/2019-11-01T08:01:39.014Z-wp4616794-aesthetic-4k-wallpapers.jpg','img2'),(55,51,'images/2019-11-01T08:01:46.159Z-7046.jpg','img4'),(56,51,'images/2019-11-01T08:01:51.545Z-space_planet_sky_94434_3840x2160.jpg','img3');
/*!40000 ALTER TABLE `profilePictures` ENABLE KEYS */;
UNLOCK TABLES;

--
-- Table structure for table `sessions`
--

DROP TABLE IF EXISTS `sessions`;
/*!40101 SET @saved_cs_client     = @@character_set_client */;
/*!50503 SET character_set_client = utf8mb4 */;
CREATE TABLE `sessions` (
  `session_id` varchar(128) CHARACTER SET utf8mb4 COLLATE utf8mb4_bin NOT NULL,
  `expires` int(11) unsigned NOT NULL,
  `data` text CHARACTER SET utf8mb4 COLLATE utf8mb4_bin,
  PRIMARY KEY (`session_id`)
) ENGINE=InnoDB DEFAULT CHARSET=utf8mb4 COLLATE=utf8mb4_0900_ai_ci;
/*!40101 SET character_set_client = @saved_cs_client */;

--
-- Dumping data for table `sessions`
--

LOCK TABLES `sessions` WRITE;
/*!40000 ALTER TABLE `sessions` DISABLE KEYS */;
INSERT INTO `sessions` VALUES ('654cpIxFbbwgrsbRUIzG1ils5hfJfVDn',1572681655,'{\"cookie\":{\"originalMaxAge\":null,\"expires\":null,\"httpOnly\":true,\"path\":\"/\"},\"csrfSecret\":\"Wy1GWvtuX0eQYgoOjIri7bW8\",\"flash\":{},\"isLoggedIn\":true,\"userName\":\"devlab\",\"userId\":51,\"age\":null,\"longitude\":-6.9063,\"latitude\":32.8811,\"sexPref\":\"both\",\"gender\":null}'),('eVmv9NJcha-zWlWFQ04CguGqqz88z4Bb',1572681932,'{\"cookie\":{\"originalMaxAge\":null,\"expires\":null,\"httpOnly\":true,\"path\":\"/\"},\"csrfSecret\":\"jgoTC0DHVa_vrFdjuwS2arwc\",\"flash\":{},\"isLoggedIn\":true,\"userName\":\"devlab\",\"userId\":51,\"age\":18,\"longitude\":-6.9063,\"latitude\":32.8811,\"sexPref\":\"both\",\"gender\":\"male\"}');
/*!40000 ALTER TABLE `sessions` ENABLE KEYS */;
UNLOCK TABLES;

--
-- Table structure for table `userLocation`
--

DROP TABLE IF EXISTS `userLocation`;
/*!40101 SET @saved_cs_client     = @@character_set_client */;
/*!50503 SET character_set_client = utf8mb4 */;
CREATE TABLE `userLocation` (
  `id` int(11) NOT NULL AUTO_INCREMENT,
  `userName` varchar(15) DEFAULT NULL,
  `geoLong` float DEFAULT NULL,
  `geoLat` float DEFAULT NULL,
  `ipLong` float DEFAULT NULL,
  `ipLat` float DEFAULT NULL,
  PRIMARY KEY (`id`),
  UNIQUE KEY `id` (`id`),
  UNIQUE KEY `userName` (`userName`),
  CONSTRAINT `userLocation_ibfk_1` FOREIGN KEY (`userName`) REFERENCES `users` (`userName`) ON DELETE CASCADE ON UPDATE CASCADE
) ENGINE=InnoDB AUTO_INCREMENT=52 DEFAULT CHARSET=utf8mb4 COLLATE=utf8mb4_0900_ai_ci;
/*!40101 SET character_set_client = @saved_cs_client */;

--
-- Dumping data for table `userLocation`
--

LOCK TABLES `userLocation` WRITE;
/*!40000 ALTER TABLE `userLocation` DISABLE KEYS */;
INSERT INTO `userLocation` VALUES (1,'Rebeka',-69.2607,18.7599,-71.5439,-16.3608),(2,'York',19.1136,51.3307,109.429,24.3263),(3,'Aguste',150.863,59.9,110.876,-6.49317),(4,'Andras',136.516,36.0444,-1.50465,51.9003),(5,'Bartram',11.9382,57.6446,119.789,29.1416),(6,'Victor',-69.864,18.4896,115.789,22.9203),(7,'Jemima',112.755,-7.38084,41.6252,51.0969),(8,'Coretta',24.2141,41.1735,-73.4239,41.0925),(9,'Max',52.6765,36.5387,14.2988,50.2615),(10,'Aldric',111.981,49.5903,17.9794,45.5381),(11,'Kincaid',37.0722,0.0074415,17.4599,48.9059),(12,'Cassey',159.954,59.0842,-77.0075,18.3268),(13,'Corrianne',28.1169,36.2145,-78.0172,18.3441),(14,'Pepi',-72.1031,18.835,104.449,17.0741),(15,'Ross',120.607,15.5168,112.469,34.6836),(16,'Garth',88.0803,26.5363,115.035,30.1994),(17,'Lemmie',21.1718,52.3287,16.0866,59.4202),(18,'Antoni',117.43,23.7013,117.112,39.1946),(19,'Roch',68.2347,43.3051,119.669,30.4395),(20,'Finley',5.8978,43.4946,22.0608,49.573),(21,'Freddy',-86.1268,13.9215,118.467,44.2),(22,'Ave',112.86,26.4223,106.881,-6.11268),(23,'Arnaldo',112.289,-8.14697,111.413,-6.80135),(24,'Doralia',86.9374,28.5053,122.047,11.0919),(25,'Godart',12.0596,57.7314,-69.097,-3.6499),(26,'Louella',-65.2844,-24.1956,39.8025,44.6963),(27,'Georgeanna',120.167,30.2733,100.507,13.7564),(28,'Jamison',-47.838,-23.0511,120.364,31.5595),(29,'Amata',102.581,13.6579,124.898,5.87345),(30,'Halette',4.57891,52.4501,109.507,-7.60449),(31,'Bay',-63.2238,-17.5662,18.3374,49.7217),(32,'Dev',120.962,13.5219,22.4172,-5.89752),(33,'Richmound',14.0685,57.6481,-8.52807,39.7177),(34,'Yulma',30.85,-7.95,123.944,10.299),(35,'Malina',93.3599,56.1244,29.5358,-31.6434),(36,'Currey',37.5206,56.7478,46.4584,57.3725),(37,'Austin',16.1538,46.3395,17.9914,59.2411),(38,'Marlon',15.5504,53.4361,-75.1887,-12.4856),(39,'Bondon',120.878,14.4347,119.693,29.0993),(40,'Herold',119.624,-9.6099,29.2684,54.6593),(41,'Nicko',-9.09525,38.4665,25.9523,43.8533),(42,'Murray',112.007,27.7304,-40.2768,-19.8205),(43,'Vevay',-56.7384,-23.4595,110.834,-7.75959),(44,'Dollie',56.1416,57.9888,7.51238,51.5195),(45,'Mickie',35.9438,34.981,111.305,-6.9627),(46,'Gustavus',135.145,33.9242,16.1243,45.9113),(47,'Elmore',118.891,30.8985,121.567,16.8908),(48,'Teena',-90.9182,14.6297,10.0348,37.1691),(49,'Marisa',39.4992,47.2845,15.7513,58.6842),(51,'devlab',-6.88865,32.8778,-6.9063,32.8811);
/*!40000 ALTER TABLE `userLocation` ENABLE KEYS */;
UNLOCK TABLES;

--
-- Table structure for table `users`
--

DROP TABLE IF EXISTS `users`;
/*!40101 SET @saved_cs_client     = @@character_set_client */;
/*!50503 SET character_set_client = utf8mb4 */;
CREATE TABLE `users` (
  `id` int(11) NOT NULL AUTO_INCREMENT,
  `userName` varchar(15) NOT NULL,
  `firstName` varchar(15) NOT NULL,
  `lastName` varchar(15) NOT NULL,
  `email` varchar(50) NOT NULL,
  `password` varchar(222) NOT NULL,
  `gender` enum('male','female') DEFAULT NULL,
  `sexPref` set('male','female','both') DEFAULT NULL,
  `birthDate` date DEFAULT NULL,
  `age` int(11) DEFAULT NULL,
  `bio` varchar(500) DEFAULT NULL,
  `accStat` enum('active','not active') DEFAULT NULL,
  `emailToken` varchar(200) DEFAULT NULL,
  `resetPassToken` varchar(200) DEFAULT NULL,
  `fameRating` tinyint(4) DEFAULT NULL,
  PRIMARY KEY (`id`),
  UNIQUE KEY `id` (`id`),
  UNIQUE KEY `userName` (`userName`)
) ENGINE=InnoDB AUTO_INCREMENT=52 DEFAULT CHARSET=utf8mb4 COLLATE=utf8mb4_0900_ai_ci;
/*!40101 SET character_set_client = @saved_cs_client */;

--
-- Dumping data for table `users`
--

LOCK TABLES `users` WRITE;
/*!40000 ALTER TABLE `users` DISABLE KEYS */;
INSERT INTO `users` VALUES (1,'Rebeka','Ernestine','Nicole','nfronzek0@squidoo.com','TUtJvF','female',NULL,NULL,25,'Phasellus id sapien in sapien iaculis congue.',NULL,NULL,NULL,2),(2,'York','Yehudit','Guido','ggadesby1@dell.com','Q3rXMX','male',NULL,NULL,58,'Quisque porta volutpat erat.',NULL,NULL,NULL,3),(3,'Aguste','Hale','Kevon','ktitmuss2@gizmodo.com','fFC6Kz6Qn','male',NULL,NULL,65,'Mauris ullamcorper purus sit amet nulla.',NULL,NULL,NULL,5),(4,'Andras','Dal','Powell','pdevanney3@blog.com','JyviYsSM','male',NULL,NULL,79,'Donec dapibus.',NULL,NULL,NULL,2),(5,'Bartram','Arri','Lombard','lheggison4@nationalgeographic.com','APkn45yBf8w','male',NULL,NULL,55,'Lorem ipsum dolor sit amet, consectetuer adipiscing elit.',NULL,NULL,NULL,0),(6,'Victor','Milo','Packston','pkirckman5@artisteer.com','Pca9K3H','male',NULL,NULL,85,'Pellentesque ultrices mattis odio.',NULL,NULL,NULL,1),(7,'Jemima','Livvyy','Rivkah','rholleran6@fastcompany.com','qwJZ07','female',NULL,NULL,58,'Praesent blandit lacinia erat.',NULL,NULL,NULL,1),(8,'Coretta','Tiffi','Anni','adimeo7@dedecms.com','ZzbRn1Py66','female',NULL,NULL,65,'In quis justo.',NULL,NULL,NULL,3),(9,'Max','Duncan','Bartel','bpyser8@mlb.com','Jb5sCZl','male',NULL,NULL,90,'Curabitur gravida nisi at nibh.',NULL,NULL,NULL,4),(10,'Aldric','Fairleigh','Ban','bdrydale9@delicious.com','QQV71pBQS5','male',NULL,NULL,37,'Nulla tellus.',NULL,NULL,NULL,4),(11,'Kincaid','Dill','Samuel','sleppera@aboutads.info','AxwPnk4jNf','male',NULL,NULL,44,'Donec quis orci eget orci vehicula condimentum.',NULL,NULL,NULL,2),(12,'Cassey','Zia','Loralie','ldybbeb@nationalgeographic.com','FPOOG9fXc','female',NULL,NULL,55,'Aliquam augue quam, sollicitudin vitae, consectetuer eget, rutrum at, lorem.',NULL,NULL,NULL,3),(13,'Corrianne','Heath','Juliann','jfahrenbacherc@jugem.jp','bPgepCu','female',NULL,NULL,70,'Vivamus in felis eu sapien cursus vestibulum.',NULL,NULL,NULL,2),(14,'Pepi','Irene','Claudette','celcombd@so-net.ne.jp','oIpK0vI5EGO','female',NULL,NULL,86,'Pellentesque eget nunc.',NULL,NULL,NULL,1),(15,'Ross','Raff','Cirilo','cdurbane@mail.ru','MwbWRjc5z','male',NULL,NULL,21,'Donec diam neque, vestibulum eget, vulputate ut, ultrices vel, augue.',NULL,NULL,NULL,1),(16,'Garth','Darbee','Thoma','tspinnacef@usgs.gov','BSs3apny','male',NULL,NULL,84,'Cras in purus eu magna vulputate luctus.',NULL,NULL,NULL,3),(17,'Lemmie','Tully','Monte','mbambridgeg@flickr.com','MxNvpnTU','male',NULL,NULL,36,'Maecenas rhoncus aliquam lacus.',NULL,NULL,NULL,2),(18,'Antoni','Boote','Bondon','bnovacekh@cornell.edu','v960RiaG','male',NULL,NULL,27,'Nulla tempus.',NULL,NULL,NULL,5),(19,'Roch','Easter','Flss','fhasleni@archive.org','lcy1esynw4N','female',NULL,NULL,67,'Nulla mollis molestie lorem.',NULL,NULL,NULL,5),(20,'Finley','Ettore','Anson','achislettj@nsw.gov.au','CSZJzSrFC4g','male',NULL,NULL,24,'Aliquam augue quam, sollicitudin vitae, consectetuer eget, rutrum at, lorem.',NULL,NULL,NULL,5),(21,'Freddy','Sonny','Lewie','lsibunk@xrea.com','DtbHP8jt','male',NULL,NULL,50,'Sed vel enim sit amet nunc viverra dapibus.',NULL,NULL,NULL,4),(22,'Ave','Timothee','Lambert','lhailstonl@newyorker.com','XrVkNB3','male',NULL,NULL,71,'Mauris enim leo, rhoncus sed, vestibulum sit amet, cursus id, turpis.',NULL,NULL,NULL,4),(23,'Arnaldo','Raymund','Haven','hpetrollom@utexas.edu','PfaGId','male',NULL,NULL,79,'Vestibulum rutrum rutrum neque.',NULL,NULL,NULL,1),(24,'Doralia','Petrina','Glenine','graimentn@123-reg.co.uk','71g1kDJ','female',NULL,NULL,59,'Quisque ut erat.',NULL,NULL,NULL,1),(25,'Godart','Clerkclaude','Ronnie','rsoggo@cloudflare.com','Xc98HtS6','male',NULL,NULL,23,'In hac habitasse platea dictumst.',NULL,NULL,NULL,0),(26,'Louella','Kippy','Karoline','kbarnwillep@ihg.com','eFYgGH','female',NULL,NULL,57,'Pellentesque ultrices mattis odio.',NULL,NULL,NULL,0),(27,'Georgeanna','Janela','Dolores','dtrewq@example.com','GMHedy','female',NULL,NULL,35,'Cras mi pede, malesuada in, imperdiet et, commodo vulputate, justo.',NULL,NULL,NULL,0),(28,'Jamison','Malvin','Burlie','bcodronr@ebay.co.uk','Z8oidu','male',NULL,NULL,82,'Pellentesque ultrices mattis odio.',NULL,NULL,NULL,1),(29,'Amata','Annelise','Sheba','sbengalls@senate.gov','KJATwja','female',NULL,NULL,89,'Cras pellentesque volutpat dui.',NULL,NULL,NULL,0),(30,'Halette','Dolorita','Koo','kmiddifft@nps.gov','4F3z9s','female',NULL,NULL,64,'Donec diam neque, vestibulum eget, vulputate ut, ultrices vel, augue.',NULL,NULL,NULL,0),(31,'Bay','Derby','Kelbee','kflacknoeu@bbc.co.uk','WjDgfwr','male',NULL,NULL,22,'Duis bibendum, felis sed interdum venenatis, turpis enim blandit mi, in porttitor pede justo eu massa.',NULL,NULL,NULL,1),(32,'Dev','Kelsey','Rorke','rlydiardv@loc.gov','2BcyIqL6EMb','male',NULL,NULL,83,'Etiam faucibus cursus urna.',NULL,NULL,NULL,1),(33,'Richmound','Lothario','Tris','ttunew@dot.gov','wmjm7zwnM','male',NULL,NULL,65,'Mauris ullamcorper purus sit amet nulla.',NULL,NULL,NULL,1),(34,'Yulma','Eziechiele','Sherwin','skingshottx@t.co','mPJsrlxCM','male',NULL,NULL,20,'In hac habitasse platea dictumst.',NULL,NULL,NULL,1),(35,'Malina','Sharity','Cherilynn','clittlejohnsy@ihg.com','4d7IOlSn','female',NULL,NULL,72,'Duis aliquam convallis nunc.',NULL,NULL,NULL,2),(36,'Currey','Judd','Egon','edominettiz@salon.com','bodIVS8Nhkll','male',NULL,NULL,29,'Suspendisse potenti.',NULL,NULL,NULL,2),(37,'Jackqueline','Amalie','Carlie','citzak10@freewebs.com','BI5IY8I','female',NULL,NULL,85,'Vestibulum ante ipsum primis in faucibus orci luctus et ultrices posuere cubilia Curae; Nulla dapibus dolor vel est.',NULL,NULL,NULL,1),(38,'Austin','Newton','Bobbie','bgleadhall11@ftc.gov','Nfab7iKf','male',NULL,NULL,52,'In congue.',NULL,NULL,NULL,2),(39,'Marlon','Burke','Les','lgatlin12@qq.com','rSrp9hvt','male',NULL,NULL,45,'Vestibulum sed magna at nunc commodo placerat.',NULL,NULL,NULL,3),(40,'Bondon','Patrizius','Oren','otrew13@behance.net','RLLAtxoecR','male',NULL,NULL,77,'Donec vitae nisi.',NULL,NULL,NULL,4),(41,'Herold','Onfre','Raddie','rphilot14@amazon.de','diGo9x1WHqm','male',NULL,NULL,88,'Donec diam neque, vestibulum eget, vulputate ut, ultrices vel, augue.',NULL,NULL,NULL,5),(42,'Nicko','Cassie','Roger','reves15@fda.gov','omawNXUTr','male',NULL,NULL,74,'In est risus, auctor sed, tristique in, tempus sit amet, sem.',NULL,NULL,NULL,5),(43,'Murray','Finley','Conroy','cjouanny16@yelp.com','S9qxzuUGsO5','male',NULL,NULL,97,'In hac habitasse platea dictumst.',NULL,NULL,NULL,1),(44,'Vevay','Annecorinne','Maegan','mbentley17@youku.com','asuMWd','female',NULL,NULL,79,'Vestibulum ac est lacinia nisi venenatis tristique.',NULL,NULL,NULL,2),(45,'Dollie','Denny','Korney','kjennrich18@newyorker.com','NrtOqrX','female',NULL,NULL,98,'Nullam orci pede, venenatis non, sodales sed, tincidunt eu, felis.',NULL,NULL,NULL,3),(46,'Mickie','Florette','Demetris','dferroli19@dailymail.co.uk','c4ZeLf7XKCZE','female',NULL,NULL,82,'Aliquam sit amet diam in magna bibendum imperdiet.',NULL,NULL,NULL,4),(47,'Gustavus','Moshe','Guy','giacomi1a@jigsy.com','v8PuVJSWIX','male',NULL,NULL,69,'Integer non velit.',NULL,NULL,NULL,4),(48,'Elmore','Ravi','Foss','ffrain1b@booking.com','lGu1L78','male',NULL,NULL,81,'In eleifend quam a odio.',NULL,NULL,NULL,4),(49,'Teena','Aleen','Maggee','mruffle1c@lycos.com','Arb8nRsV','female',NULL,NULL,36,'In sagittis dui vel nisl.',NULL,NULL,NULL,5),(50,'Marisa','Larissa','Jinny','jgudger1d@histats.com','xL3v0MaVd','female',NULL,NULL,39,'Phasellus in felis.',NULL,NULL,NULL,1),(51,'devlab','youssef','benadda','yobenadda@gmail.com','$2a$12$b/TBSPqmNr8/V7G4ZmPXA.bZv/NccJUITsM8lg8pYesbxln6/PhNm','male','both','2000-11-28',18,'~~~','active','e6fbaeeac144bb9a08f4c64164ae72f2da1d70d9b0d95ae7e4d20c10abe5ec2b',NULL,0);
/*!40000 ALTER TABLE `users` ENABLE KEYS */;
UNLOCK TABLES;
/*!40103 SET TIME_ZONE=@OLD_TIME_ZONE */;

/*!40101 SET SQL_MODE=@OLD_SQL_MODE */;
/*!40014 SET FOREIGN_KEY_CHECKS=@OLD_FOREIGN_KEY_CHECKS */;
/*!40014 SET UNIQUE_CHECKS=@OLD_UNIQUE_CHECKS */;
/*!40101 SET CHARACTER_SET_CLIENT=@OLD_CHARACTER_SET_CLIENT */;
/*!40101 SET CHARACTER_SET_RESULTS=@OLD_CHARACTER_SET_RESULTS */;
/*!40101 SET COLLATION_CONNECTION=@OLD_COLLATION_CONNECTION */;
/*!40111 SET SQL_NOTES=@OLD_SQL_NOTES */;

-- Dump completed on 2019-11-01  8:08:20